{"cameraMode":{"drawMode":0,"name":"Shaded","section":"Shading Mode"},"sceneLighting":true,"audioPlay":false,"sceneViewState":{"m_AlwaysRefresh":false,"showFog":true,"showSkybox":true,"showFlares":true,"showImageEffects":true,"showParticleSystems":true,"showVisualEffectGraphs":true,"m_FxEnabled":true},"in2DMode":false,"pivot":{"x":256.0434875488281,"y":137.23423767089845,"z":44.54029846191406},"rotation":{"x":-0.00034481860348023474,"y":-0.0267686378210783,"z":-0.001257435418665409,"w":-1.0001816749572755},"size":251.96340942382813,"orthographic":false}