{"cameraMode":{"drawMode":0,"name":"Shaded","section":"Shading Mode"},"sceneLighting":false,"audioPlay":false,"sceneViewState":{"m_AlwaysRefresh":false,"showFog":false,"showSkybox":false,"showFlares":false,"showImageEffects":false,"showParticleSystems":false,"showVisualEffectGraphs":true,"m_FxEnabled":true},"in2DMode":false,"pivot":{"x":-0.07547175139188767,"y":1.2218639850616456,"z":1.0536224842071534},"rotation":{"x":0.0013538964558392764,"y":-0.9969828128814697,"z":0.08095265179872513,"w":0.021647443994879724},"size":0.8927613496780396,"orthographic":false}