{"cameraMode":{"drawMode":0,"name":"Shaded","section":"Shading Mode"},"sceneLighting":false,"audioPlay":false,"sceneViewState":{"m_AlwaysRefresh":false,"showFog":false,"showSkybox":false,"showFlares":false,"showImageEffects":false,"showParticleSystems":false,"showVisualEffectGraphs":true,"m_FxEnabled":true},"in2DMode":false,"pivot":{"x":0.003037691116333008,"y":1.1702818870544434,"z":0.006043732166290283},"rotation":{"x":0.0270979106426239,"y":-0.9466751217842102,"z":0.3106662333011627,"w":0.08191180229187012},"size":1.2504305839538575,"orthographic":false}