{"cameraMode":{"drawMode":0,"name":"Shaded","section":"Shading Mode"},"sceneLighting":false,"audioPlay":false,"sceneViewState":{"m_AlwaysRefresh":false,"showFog":true,"showSkybox":false,"showFlares":true,"showImageEffects":true,"showParticleSystems":true,"showVisualEffectGraphs":true,"m_FxEnabled":true},"in2DMode":false,"pivot":{"x":0.7396702170372009,"y":0.0721774697303772,"z":0.02943737804889679},"rotation":{"x":0.006913627032190561,"y":-0.7599261403083801,"z":-0.00749538978561759,"w":-0.6501436233520508},"size":0.6405578255653381,"orthographic":false}