{"cameraMode":{"drawMode":0,"name":"Shaded","section":"Shading Mode"},"sceneLighting":false,"audioPlay":false,"sceneViewState":{"m_AlwaysRefresh":false,"showFog":true,"showSkybox":false,"showFlares":true,"showImageEffects":true,"showParticleSystems":true,"showVisualEffectGraphs":true,"m_FxEnabled":true},"in2DMode":false,"pivot":{"x":-0.043785057961940768,"y":0.3887239396572113,"z":-0.03798387944698334},"rotation":{"x":0.27716660499572756,"y":-0.6736722588539124,"z":0.3039590120315552,"w":0.6140695214271545},"size":0.2277992218732834,"orthographic":false}